{
  "iteration": 1,
  "prompt": "一只可爱的小猫，简单几笔的简笔画",
  "planSteps": 4,
  "totalMarks": 14,
  "stepLayouts": [
    {
      "stepIndex": 0,
      "label": "画头和耳朵",
      "bounds": {
        "minX": 300,
        "minY": 199.7370861288387,
        "maxX": 500,
        "maxY": 370.26291387116135
      },
      "summary": "椭圆 中心(400,305) 196×126; 多边形 3点; 多边形 3点"
    },
    {
      "stepIndex": 1,
      "label": "画身体和前爪",
      "bounds": {
        "minX": 324.86036036036035,
        "minY": 333,
        "maxX": 475.13963963963965,
        "maxY": 463
      },
      "summary": "椭圆 中心(400,398) 146×126; 曲线 3点; 曲线 3点"
    },
    {
      "stepIndex": 2,
      "label": "画表情胡须",
      "bounds": {
        "minX": 323.29983573292105,
        "minY": 247.99999999999997,
        "maxX": 476.70016426707895,
        "maxY": 338
      },
      "summary": "点 (360,259) r=11; 点 (440,259) r=11; 多边形 3点; 线 (327,298)→(379,307); 线 (329,335)→(379,321)"
    },
    {
      "stepIndex": 3,
      "label": "画尾巴",
      "bounds": {
        "minX": 462.71084337349396,
        "minY": 295,
        "maxX": 553.289156626506,
        "maxY": 415
      },
      "summary": "曲线 4点"
    }
  ],
  "outputSvg": "D:\\Code\\TalkArt\\scripts\\iterations-sketch\\iter-01\\output.svg",
  "timestamp": "2026-06-14T07:31:23.945Z"
}